<WidgetInfo>
  <Type>About</Type>
  <Description>This widget displays information about the application including 
    the license and copyright information retrieved from a URL set as a parameter.
  </Description>
  <Location></Location>
  <Label>About</Label>
  <Tooltip>Click to show information about this application</Tooltip>
  <StatusText></StatusText>
  <ImageUrl></ImageUrl>
  <ImageClass></ImageClass>
  <StandardUi>true</StandardUi>
  <ContainableBy>Any</ContainableBy>
  <Parameter>
    <Name>AboutURL</Name>
    <Description>This is a pointer to the URL that will be displayed in the popup window</Description>
    <Type>String</Type>
    <Label>URL pointing to the About page</Label>
    <DefaultValue>/mapguide/mapadmin/about.php</DefaultValue>
    <IsMandatory>false</IsMandatory>
  </Parameter>
</WidgetInfo>
