<WidgetInfo>
    <Type>BufferPanel</Type>
    <Description>This widget will perform a buffering operation on selected 
      features in the Map.  Either a popup window or the task pane will be used
      to gather user input, depending on the setting of the Target parameter.
    </Description>
    <Label>Buffer</Label>
    <Tooltip>Click to create a buffer</Tooltip>
    <ImageUrl>images/icons/buffer.png</ImageUrl>
    <StandardUi>true</StandardUi>
    <ContainableBy>Any</ContainableBy>
    <Parameter>
        <Name>Target</Name>
        <Label>The name of a task pane widget or a popup window</Label>
        <Type>target</Type>
        <Description>If this is a TaskPane widget, this widget will set a URL
        in the TaskPane to gather user input, otherwise it looks for an HTML
        element with this name, otherwise it will open a popup window to gather 
        user input.
        </Description>
        <IsMandatory>true</IsMandatory>
        <DefaultValue>TaskPane</DefaultValue>
    </Parameter>
</WidgetInfo>
