<WidgetInfo>
  <Type>CenterSelection</Type>
  <Description>Center the current selection, if any, but maintain the current 
  scale if possible.  Zoom out if not.
  </Description>
  <Location></Location>
  <Label>Center selection</Label>
  <Tooltip>Click to center the map on the current selection</Tooltip>
  <StatusText></StatusText>
  <ImageUrl>images/icons/select-centre.png</ImageUrl>
  <ImageClass></ImageClass>
  <StandardUi>true</StandardUi>
  <ContainableBy>Any</ContainableBy>
</WidgetInfo>
