<WidgetInfo>
  <Type>CTRLClick</Type>
  <Description>Launch a window with a CTRL click  if a URL expression is set on the layer</Description>
  <Location></Location>
  <Label>CTRLClick</Label>
  <Tooltip></Tooltip>
  <StatusText></StatusText>
  <ImageUrl></ImageUrl>
  <ImageClass></ImageClass>
  <StandardUi>false</StandardUi>
  <ContainableBy></ContainableBy>
  <Parameter>
    <Name>Layer</Name>
    <Description>A list of layers for CTRL click to work with</Description>
    <Type>String</Type>
    <Label>Layer</Label>
    <DefaultValue></DefaultValue>
    <IsMandatory>false</IsMandatory>
  </Parameter>
</WidgetInfo>
