<WidgetInfo>
  <Type>Help</Type>
  <Description>Outputs a user help page</Description>
  <Location></Location>
  <Label>Help</Label>
  <Tooltip>Click to get help</Tooltip>
  <StatusText></StatusText>
  <ImageUrl>images/icons/help.png</ImageUrl>
  <ImageClass></ImageClass>
  <StandardUi>true</StandardUi>
  <ContainableBy>Any</ContainableBy>
  <Parameter>
    <Name>Target</Name>
    <Description>location to display the help page.  If the Target is a Task 
    Pane widget name, help will be displayed there, otherwise if it is a page
    DOM element, it will display in that element, otherwise it will open a popup
    window with the target name.
    </Description>
    <Type>String</Type>
    <Label>Target</Label>
    <DefaultValue>HelpWindow</DefaultValue>
    <IsMandatory>false</IsMandatory>
  </Parameter>
  <Parameter>
    <Name>Url</Name>
    <Description>The URL which contaions the help page contents.</Description>
    <Type>String</Type>
    <Label>Help URL</Label>
    <DefaultValue>fusion/widgets/Help/Help.html</DefaultValue>
    <IsMandatory>false</IsMandatory>
  </Parameter>
</WidgetInfo>
