<WidgetInfo>
  <Type>InvokeURL</Type>
  <Description>A widget to call up a URL into the TaskPane, a new window or 
  HTML element.  The MapName and Session ID are automatically added to the URL,
  as well as any additional parameters specifed.
  </Description>
  <Location></Location>
  <Label>Invoke URL</Label>
  <Tooltip>Click to execute the URL</Tooltip>
  <StatusText></StatusText>
  <ImageUrl></ImageUrl>
  <ImageClass></ImageClass>
  <StandardUi>true</StandardUi>
  <ContainableBy>Any</ContainableBy>
  <Parameter>
    <Name>Target</Name>
    <Description>If this is a TaskPane widget, this widget will set a URL
    in the TaskPane to gather user input, otherwise it looks for an HTML
    element with this name, otherwise it will open a popup window to gather 
    user input.
    </Description>
    <Type>String</Type>
    <Label>Target</Label>
    <DefaultValue>InvokeUrlWindow</DefaultValue>
    <IsMandatory>false</IsMandatory>
  </Parameter>
  <Parameter>
    <Name>Url</Name>
    <Description>The URL to be opened in the target</Description>
    <Type>String</Type>
    <Label>URL</Label>
    <IsMandatory>true</IsMandatory>
  </Parameter>
  <Parameter>
    <Name>DisableIfSelectionEmpty</Name>
    <Description>A flag to indicate if this widget should only be enabled if 
    there is a selection available on the map</Description>
    <Type>boolean</Type>
    <Label>DisableIfSelectionEmpty</Label>
    <DefaultValue>false</DefaultValue>
    <IsMandatory>false</IsMandatory>
  </Parameter>
  <Parameter>
    <Name>AdditionalParameter</Name>
    <Description>A list of key/value pairs that will be added to the URL</Description>
    <Type>XML</Type>
    <Label>Additional parameter</Label>
    <DefaultValue></DefaultValue>
    <IsMandatory>false</IsMandatory>
  </Parameter>
</WidgetInfo>
