<WidgetInfo>
  <Type>MapMenu</Type>
  <Description>A widget that displays a list of maps that can be loaded into 
  the application
  </Description>
  <Location></Location>
  <Label>Map Menu</Label>
  <Tooltip>Choose a map theme</Tooltip>
  <StatusText></StatusText>
  <ImageUrl>images/icons/map-manager.png</ImageUrl>
  <ImageClass></ImageClass>
  <StandardUi>true</StandardUi>
  <ContainableBy>Any</ContainableBy>
  <Parameter>
    <Name>Folder</Name>
    <Description>The location from which the list of maps will be drawn</Description>
    <Type>String</Type>
    <Label>map list source</Label>
    <DefaultValue>Library://</DefaultValue>
    <IsMandatory>true</IsMandatory>
  </Parameter>
</WidgetInfo>
