<WidgetInfo>
  <Type>Maptip</Type>
  <Description>A widget to display information about features under the mouse 
  as it hovers over the map
  </Description>
  <Location></Location>
  <Label>Map tip</Label>
  <Tooltip></Tooltip>
  <StatusText></StatusText>
  <ImageUrl></ImageUrl>
  <ImageClass></ImageClass>
  <StandardUi>false</StandardUi>
  <ContainableBy></ContainableBy>
  <Parameter>
    <Name>Delay</Name>
    <Description>The delay in milliseconds before showing a map tip</Description>
    <Type>integer</Type>
    <Label>Delay</Label>
    <Min>0</Min>
    <Max>10000</Max>
    <DefaultValue>350</DefaultValue>
    <IsMandatory>false</IsMandatory>
  </Parameter>
  <Parameter>
    <Name>Layer</Name>
    <Description>The layers to display information about.  Repeat this 
    parameter as often as required
    </Description>
    <Type>String</Type>
    <Label>layers</Label>
    <IsMandatory>false</IsMandatory>
  </Parameter>
</WidgetInfo>
