<WidgetInfo>
  <Type>SelectWithin</Type>
  <Description>A widget to perform a selection within a currently selected set 
  of features</Description>
  <Location></Location>
  <Label>Select within</Label>
  <Tooltip>Click to select features within this selection</Tooltip>
  <StatusText></StatusText>
  <ImageUrl>images/icons/select-features.png</ImageUrl>
  <ImageClass></ImageClass>
  <StandardUi>true</StandardUi>
  <ContainableBy>Any</ContainableBy>
  <Parameter>
    <Name>Target</Name>
    <Label>Target</Label>
    <Type>target</Type>
    <Description>If this is a TaskPane widget, this widget will set a URL
    in the TaskPane to gather user input, otherwise it looks for an HTML
    element with this name, otherwise it will open a popup window to gather 
    user input.
    </Description>
    <DefaultValue>TaskPane</DefaultValue>
    <IsMandatory>false</IsMandatory>
  </Parameter>
  <Parameter>
    <Name>DisableIfSelectionEmpty</Name>
    <Description>A flag to indicate if this widget should only be enabled if 
    there is a selection available on the map</Description>
    <Type>boolean</Type>
    <Label>Disable If Selection Empty</Label>
    <DefaultValue>true</DefaultValue>
    <IsMandatory>false</IsMandatory>
  </Parameter>
</WidgetInfo>
