<WidgetInfo>
  <Type>SelectionInfo</Type>
  <Description>Displays the number of features and number of layers in the 
  current selection.</Description>
  <Location></Location>
  <Label>Selection info</Label>
  <Tooltip></Tooltip>
  <StatusText></StatusText>
  <ImageUrl></ImageUrl>
  <ImageClass></ImageClass>
  <StandardUi>false</StandardUi>
  <ContainableBy></ContainableBy>
  <Parameter>
    <Name>Template</Name>
    <Description>The format of the output string.</Description>
    <Type>String</Type>
    <Label>Template</Label>
    <DefaultValue>{features} features selected on {layers} layers</DefaultValue>
    <IsMandatory>false</IsMandatory>
  </Parameter>
</WidgetInfo>
