<WidgetInfo>
  <Type>Select</Type>
  <Description>A widget that allows selection of features on a map</Description>
  <Location></Location>
  <Label>Select</Label>
  <Tooltip>Click to select features</Tooltip>
  <StatusText></StatusText>
  <ImageUrl>images/icons/select.png</ImageUrl>
  <ImageClass></ImageClass>
  <StandardUi>true</StandardUi>
  <ContainableBy>Any</ContainableBy>
  <Parameter>
    <Name>SelectionType</Name>
    <Description>The type of selection to do</Description>
    <Type>String</Type>
    <Label>Selection type</Label>
    <DefaultValue>INTERSECTS</DefaultValue>
    <IsMandatory>false</IsMandatory>
  </Parameter>
  <Parameter>
    <Name>Tolerance</Name>
    <Description>pixel tolerance for a point click</Description>
    <Type>integer</Type>
    <Label>Tolerance</Label>
    <Min>1</Min>
    <DefaultValue>3</DefaultValue>
    <IsMandatory>false</IsMandatory>
  </Parameter>
  <Parameter>
    <Name>QueryActiveLayer</Name>
    <Description>Flag to indicate if features should be selected only on the active layer</Description>
    <Type>boolean</Type>
    <Label>Query active layer</Label>
    <DefaultValue>false</DefaultValue>
    <IsMandatory>false</IsMandatory>
  </Parameter>
</WidgetInfo>
