<?xml version="1.0" encoding="UTF-8"?>
<!--Sample XML file generated by XMLSpy v2008 (http://www.altova.com)-->
<ApplicationDefinitionWidgetInfoSet xsi:noNamespaceSchemaLocation="ApplicationDefinitionInfo-1.0.0.xsd" xmlns:xsi="http://www.w3.org/2001/XMLSchema-instance">
<WidgetInfo>
  <Type>String</Type>
  <Description>String</Description>
  <Location>String</Location>
  <Label>String</Label>
  <Tooltip>String</Tooltip>
  <StatusText>String</StatusText>
  <ImageUrl>String</ImageUrl>
  <ImageClass>String</ImageClass>
  <StandardUi>true</StandardUi>
  <ContainableBy>String</ContainableBy>
  <Parameter>
    <Name>String</Name>
    <Description>String</Description>
    <Type>String</Type>
    <Label>String</Label>
    <Min>String</Min>
    <Max>String</Max>
    <AllowedValue>
      <Name>String</Name>
      <Label>String</Label>
    </AllowedValue>
    <DefaultValue>String</DefaultValue>
    <IsMandatory>true</IsMandatory>
  </Parameter>
</WidgetInfo>
</ApplicationDefinitionWidgetInfoSet>
