<?xml version="1.0" encoding="UTF-8"?>
<ApplicationDefinition xmlns:xsi="http://www.w3.org/2001/XMLSchema-instance" xmlns:xsd="http://www.w3.org/2001/XMLSchema" xsi:noNamespaceSchemaLocation="ApplicationDefinition-1.0.0.xsd">
  <MapSet xsi:type="MapSetType">
    <Map id="xyz" xsi:type="MapType">
        <InitialView xsi:type="MapViewType">
            <CenterX>1</CenterX>
            <CenterY>1</CenterY>
            <Scale>1</Scale>
        </InitialView>
      <Layer xsi:type="MapGuideLayerType">
        <Type>MapGuide</Type>
        <SingleTile>false</SingleTile>
        <ResourceId>Library://Samples/Sheboygan/Maps/Sheboygan.MapDefinition</ResourceId>
      </Layer>
    </Map>
  </MapSet>
  <WidgetSet xsi:type="WidgetSetType">
    <Widget xsi:type="WidgetType">
      <Name>Map</Name>
      <Type>Map</Type>
      <Description>The map.</Description>
      <Extension xsi:type="CustomContentType">
        <MapId>xyz</MapId>
      </Extension>
    </Widget>
    <Widget xsi:type="UiWidgetType">
      <Name>Pan</Name>
      <Type>Pan</Type>
      <Description>Drag the map to view areas out of range.</Description>
      <ImageUrl>images/icons/pan.png</ImageUrl>
      <ImageClass/>
      <Tooltip>Pan mode</Tooltip>
      <Label/>
      <Disabled/>
    </Widget>
    <Widget xsi:type="UiWidgetType">
      <Name>menuPan</Name>
      <Type>Pan</Type>
      <Description>Drag the map to view areas out of range.</Description>
      <ImageUrl>images/icons/pan.png</ImageUrl>
      <ImageClass/>
      <Tooltip>Pan mode</Tooltip>
      <Label/>
      <Disabled/>
    </Widget>
    <Widget xsi:type="UiWidgetType">
      <Name>ZoomInRectangle</Name>
      <Type>Zoom</Type>
      <Description>Zoom in on an area.</Description>
      <Extension xsi:type="CustomContentType">
        <Tolerance>5</Tolerance>
        <Factor>2</Factor>
      </Extension>
      <ImageUrl>images/icons/zoom-in.png</ImageUrl>
      <ImageClass/>
      <Tooltip>Zoom rectangle.</Tooltip>
      <Label/>
      <Disabled/>
    </Widget>
 </WidgetSet>
  <Extension/>
</ApplicationDefinition>
