<WidgetInfo>
    <Type>BufferPanel</Type>
    <Label>Create Buffer</Label>
    <Tooltip>Click to create a buffer</Tooltip>
    <ImageUrl>images/icons/buffer.png</ImageUrl>
    <StandardUi>true</StandardUi>
    <Parameter>
        <Name>Target</Name>
        <Label>Target</Label>
        <Type>string</Type>
        <Description>The target to contain the buffer UI</Description>
        <DefaultValue>TaskPane</DefaultValue>
        <IsMandatory>false</IsMandatory>
    </Parameter>
    <ContainableBy>Any</ContainableBy>
</WidgetInfo>
