<?xml version="1.0" encoding="UTF-8"?>
<WebLayout xmlns:xsi="http://www.w3.org/2001/XMLSchema-instance" xmlns:xsd="http://www.w3.org/2001/XMLSchema" xsi:noNamespaceSchemaLocation="WebLayout-Fusion-0.1.xsd">
  <Title/>
  <ToolBar>
    <Name>Toolbar</Name>
    <Container>Toolbar</Container>
    <Visible>true</Visible>
    <Button xsi:type="CommandItemType">
      <Function>Command</Function>
      <Command>ZoomIn</Command>
    </Button>
    <Button xsi:type="CommandItemType">
      <Function>Command</Function>
      <Command>ZoomOut</Command>
    </Button>
    <Button xsi:type="CommandItemType">
      <Function>Command</Function>
      <Command>Pan</Command>
    </Button>
    <Button xsi:type="CommandItemType">
      <Function>Command</Function>
      <Command>FitToWindow</Command>
    </Button>    
  </ToolBar>
  <CommandSet>
    <Command xsi:type="MapCommandType">
    	<Name>Map</Name>
    	<TargetViewer>All</TargetViewer>
    	<Action>MGMap</Action>
    	<ResourceId>Library://Samples/Sheboygan/Maps/Sheboygan.MapDefinition</ResourceId>
    	<Width>400</Width>
        <Height>400</Height>
    </Command>
    <!-- commands for the navigation toolbar -->
    <Command xsi:type="FusionCommandType">
      <Name>ZoomIn</Name>
      <Tooltip>Click or click and drag on the map to zoom in</Tooltip>
      <ImageURL>images/icons/zoom-in.png</ImageURL>
      <TargetViewer>All</TargetViewer>
      <Action>Zoom</Action>
    </Command>
    <Command xsi:type="FusionCommandType">
      <Name>ZoomOut</Name>
      <Tooltip>Click on the map to zoom out</Tooltip>
      <ImageURL>images/icons/zoom-out.png</ImageURL>
      <TargetViewer>All</TargetViewer>
      <Action>ZoomOut</Action>
    </Command>
    <Command xsi:type="FusionCommandType">
      <Name>Pan</Name>
      <Tooltip>Click and drag the map to pan</Tooltip>
      <ImageURL>images/icons/pan.png</ImageURL>
      <TargetViewer>All</TargetViewer>
      <Action>Pan</Action>
    </Command>
    <Command xsi:type="FusionCommandType">
      <Name>FitToWindow</Name>
      <Tooltip>Click and drag the map to pan</Tooltip>
      <ImageURL>images/icons/zoom-full.png</ImageURL>
      <TargetViewer>All</TargetViewer>
      <Action>FitToWindow</Action>
    </Command>
    <Command xsi:type="LegendCommandType">
      <Name>Legend</Name>
      <Label>Legend</Label>
      <TargetViewer>All</TargetViewer>
      <Action>Legend</Action>
      <ShowRootFolder>false</ShowRootFolder>
      <LayerThemeIcon>images/tree_map.png</LayerThemeIcon>
      <DisabledLayerIcon>images/tree_layer.png</DisabledLayerIcon>
      <RootFolderIcon>images/tree_map.png</RootFolderIcon>
    </Command>
  </CommandSet>
</WebLayout>